"id","Bedrooms","Bathrooms","Number of Images","Number of Floorplans","Number of Virtual Tours","Summary","Display Address","Country Code","Latitude","Longitude","Property Type","Price Amount","Price Frequency","Currency Code","Display Price","Display Price Qualifier","Branch ID","Branch Name","Branch Display Name","Branch Phone","First Visible Date","Last Update Date","Last Update Reason","Featured Property","Premium Listing","Property URL","Image 1","Image 2","Image 3","Image 4","Image 5"
162145592,"2","2","12","1","0","This eighth floor two bedroomed apartment is located in the popular Saffron Square development overlooking the landscaped garden square.  Easy access to both East and West Croydon BR just a few minutes walk away.  Further benefits include on site TESCO Express, artisan...","Tennyson Apartments, 1 Saffron Central Square, Croydon, CR0","GB","51.379543","-0.099336","Apartment","1875","monthly","GBP","£1,875 pcm","Not Available",92053,"Surrey","1st Avenue, Surrey","020 3834 8042","2025-05-19T17:15:50Z","2025-05-19T17:21:08Z","new","Yes","No","https://www.rightmove.co.uk/properties/162145592#/?channel=RES_LET","https://media.rightmove.co.uk:443/dir/crop/10:9-16:9/93k/92053/162145592/92053_29078430_IMG_00_0000_max_476x317.jpeg","https://media.rightmove.co.uk:443/dir/crop/10:9-16:9/93k/92053/162145592/92053_29078430_IMG_01_0000_max_476x317.jpeg","https://media.rightmove.co.uk:443/dir/crop/10:9-16:9/93k/92053/162145592/92053_29078430_IMG_02_0000_max_476x317.jpeg","https://media.rightmove.co.uk:443/dir/crop/10:9-16:9/93k/92053/162145592/92053_29078430_IMG_03_0000_max_476x317.jpeg","https://media.rightmove.co.uk:443/dir/crop/10:9-16:9/93k/92053/162145592/92053_29078430_IMG_04_0000_max_476x317.jpeg"
164261288,"1","1","8","1","0","Oaks Estate Agents are delighted to present to the market this charming one-bedroom, top floor period conversion apartment situated in the heart of South Norwood, close to Norwood Junction station.","Albert Road, South Norwood","GB","51.398275","-0.066983","Apartment","1350","monthly","GBP","£1,350 pcm","Not Available",235208,"Croydon- Lettings","Oaks Estate Agents, Croydon- Lettings","020 3907 3379","2025-07-07T16:12:39Z","2025-07-07T16:18:06Z","new","No","No","https://www.rightmove.co.uk/properties/164261288#/?channel=RES_LET","https://media.rightmove.co.uk:443/dir/crop/10:9-16:9/236k/235208/164261288/235208_CRO250872_L_IMG_00_0000_max_476x317.jpeg","https://media.rightmove.co.uk:443/dir/crop/10:9-16:9/236k/235208/164261288/235208_CRO250872_L_IMG_01_0000_max_476x317.jpeg","https://media.rightmove.co.uk:443/dir/crop/10:9-16:9/236k/235208/164261288/235208_CRO250872_L_IMG_02_0000_max_476x317.jpeg","https://media.rightmove.co.uk:443/dir/crop/10:9-16:9/236k/235208/164261288/235208_CRO250872_L_IMG_03_0000_max_476x317.jpeg","https://media.rightmove.co.uk:443/dir/crop/10:9-16:9/236k/235208/164261288/235208_CRO250872_L_IMG_04_0000_max_476x317.jpeg"
164260331,"3","1","18","1","0","Stunning modern ground floor apartment with a private south-facing garden, bright open-plan living, and excellent transport links.","Canmore Court, Queens Road, CR0","GB","51.388205","-0.10355","Flat","2000","monthly","GBP","£2,000 pcm","Not Available",248453,"South London","Livin Estate Agents, South London","020 3910 6542","2025-07-07T16:02:02Z","2025-07-07T16:07:06Z","new","No","No","https://www.rightmove.co.uk/properties/164260331#/?channel=RES_LET","https://media.rightmove.co.uk:443/dir/crop/10:9-16:9/249k/248453/164260331/248453_LCT-27260415_IMG_00_0000_max_476x317.jpeg","https://media.rightmove.co.uk:443/dir/crop/10:9-16:9/249k/248453/164260331/248453_LCT-27260415_IMG_01_0000_max_476x317.jpeg","https://media.rightmove.co.uk:443/dir/crop/10:9-16:9/249k/248453/164260331/248453_LCT-27260415_IMG_02_0000_max_476x317.jpeg","https://media.rightmove.co.uk:443/dir/crop/10:9-16:9/249k/248453/164260331/248453_LCT-27260415_IMG_03_0000_max_476x317.jpeg","https://media.rightmove.co.uk:443/dir/crop/10:9-16:9/249k/248453/164260331/248453_LCT-27260415_IMG_04_0000_max_476x317.jpeg"
163871441,"3","1","14","1","0","Oaks Estate Agents are excited to present to the market this beautiful three-bedroom Victorian terraced house situated in the heart of Addiscombe. This stunning home benefits from a generous 1157 sq. ft. of living space, boasting three double bedrooms.","Colworth Road, Addiscombe","GB","51.379902","-0.0722","Terraced","2250","monthly","GBP","£2,250 pcm","Not Available",235208,"Croydon- Lettings","Oaks Estate Agents, Croydon- Lettings","020 3907 3379","2025-06-27T10:46:53Z","2025-07-07T15:43:48Z","price_reduced","No","Yes","https://www.rightmove.co.uk/properties/163871441#/?channel=RES_LET","https://media.rightmove.co.uk:443/dir/crop/10:9-16:9/236k/235208/163871441/235208_CRO220082_L_IMG_00_0000_max_476x317.jpeg","https://media.rightmove.co.uk:443/dir/crop/10:9-16:9/236k/235208/163871441/235208_CRO220082_L_IMG_01_0000_max_476x317.jpeg","https://media.rightmove.co.uk:443/dir/crop/10:9-16:9/236k/235208/163871441/235208_CRO220082_L_IMG_02_0000_max_476x317.jpeg","https://media.rightmove.co.uk:443/dir/crop/10:9-16:9/236k/235208/163871441/235208_CRO220082_L_IMG_03_0000_max_476x317.jpeg","https://media.rightmove.co.uk:443/dir/crop/10:9-16:9/236k/235208/163871441/235208_CRO220082_L_IMG_04_0000_max_476x317.jpeg"
163145633,"2","1","7","0","0","**OFF STREET PARKING!** A great sized two DOUBLE BEDROOM first floor flat which is available and located in South Norwood - close to Norwood Junction station! Benefits include a SEPARATE kitchen and being fully double glazed/gas centrall heated. Call us NOW!","Portland Road, South Norwood","GB","51.39066","-0.06571","Apartment","1500","monthly","GBP","£1,500 pcm","Not Available",5847,"Croydon","Leaders Lettings, Croydon","020 3840 3437","2025-06-11T10:51:19Z","2025-07-07T15:24:26Z","price_reduced","No","Yes","https://www.rightmove.co.uk/properties/163145633#/?channel=RES_LET","https://media.rightmove.co.uk:443/dir/crop/10:9-16:9/6k/5847/163145633/5847_P314003_IMG_00_0000_max_476x317.jpeg","https://media.rightmove.co.uk:443/dir/crop/10:9-16:9/6k/5847/163145633/5847_P314003_IMG_01_0000_max_476x317.jpeg","https://media.rightmove.co.uk:443/dir/crop/10:9-16:9/6k/5847/163145633/5847_P314003_IMG_02_0000_max_476x317.jpeg","https://media.rightmove.co.uk:443/dir/crop/10:9-16:9/6k/5847/163145633/5847_P314003_IMG_03_0000_max_476x317.jpeg","https://media.rightmove.co.uk:443/dir/crop/10:9-16:9/6k/5847/163145633/5847_P314003_IMG_04_0000_max_476x317.jpeg"
164257451,"1","1","5","1","0","James Chiltern are pleased to present this one bedroom flat situated on the first floor of a converted house. The property consists of 1 bedroom, reception room with open plan kitchen, bathroom, double glazing, and gas central heating. This property is located a short walk from East and West Croy...","Kidderminster Road, Croydon","GB","51.382099","-0.104511","Flat","1000","monthly","GBP","£1,000 pcm","Not Available",97150,"Croydon","James Chiltern, Croydon","020 8681 8133","2025-07-07T15:24:56Z","2025-07-07T15:21:06Z","new","No","No","https://www.rightmove.co.uk/properties/164257451#/?channel=RES_LET","https://media.rightmove.co.uk:443/dir/crop/10:9-16:9/98k/97150/164257451/97150_34018455_IMG_00_0000_max_476x317.jpeg","https://media.rightmove.co.uk:443/dir/crop/10:9-16:9/98k/97150/164257451/97150_34018455_IMG_01_0000_max_476x317.jpeg","https://media.rightmove.co.uk:443/dir/crop/10:9-16:9/98k/97150/164257451/97150_34018455_IMG_02_0000_max_476x317.jpeg","https://media.rightmove.co.uk:443/dir/crop/10:9-16:9/98k/97150/164257451/97150_34018455_IMG_03_0000_max_476x317.jpeg","https://media.rightmove.co.uk:443/dir/crop/10:9-16:9/98k/97150/164257451/97150_34018455_IMG_04_0000_max_476x317.jpeg"
163531976,"0","1","1","1","0","***Photos going ahead shortly*** Barnard Marcus present Leighton Street, a recently refurbished Ground Floor Studio Apartment.","Leighton Street, CROYDON","GB","51.3796","-0.11015","Apartment","950","monthly","GBP","£950 pcm","Not Available",50960,"South Croydon Lettings","Barnard Marcus Lettings, South Croydon Lettings","020 3893 2743","2025-06-19T13:23:22Z","2025-07-07T15:13:08Z","price_reduced","No","No","https://www.rightmove.co.uk/properties/163531976#/?channel=RES_LET","https://media.rightmove.co.uk:443/dir/crop/10:9-16:9/51k/50960/163531976/50960_P0458G1019_IMG_00_0000_max_476x317.jpeg","Not Available","Not Available","Not Available","Not Available"
164256116,"2","1","6","0","0","James Chiltern are pleased to present this ground floor two bedroom conversion flat available to rent in a good location in Croydon. There is a spacious reception room, two bedrooms, separate fitted kitchen with all white good appliances, and a fully tiled tiled bathroom.The property also benefi...","Fairholme Road, 15, Croydon","GB","51.383998","-0.111619","Ground Flat","1500","monthly","GBP","£1,500 pcm","Not Available",97150,"Croydon","James Chiltern, Croydon","020 8681 8133","2025-07-07T15:05:17Z","2025-07-07T14:50:07Z","new","No","No","https://www.rightmove.co.uk/properties/164256116#/?channel=RES_LET","https://media.rightmove.co.uk:443/dir/crop/10:9-16:9/98k/97150/164256116/97150_34018272_IMG_00_0000_max_476x317.jpeg","https://media.rightmove.co.uk:443/dir/crop/10:9-16:9/98k/97150/164256116/97150_34018272_IMG_01_0000_max_476x317.jpeg","https://media.rightmove.co.uk:443/dir/crop/10:9-16:9/98k/97150/164256116/97150_34018272_IMG_02_0000_max_476x317.jpeg","https://media.rightmove.co.uk:443/dir/crop/10:9-16:9/98k/97150/164256116/97150_34018272_IMG_03_0000_max_476x317.jpeg","https://media.rightmove.co.uk:443/dir/crop/10:9-16:9/98k/97150/164256116/97150_34018272_IMG_04_0000_max_476x317.jpeg"
164253905,"2","2","10","1","1","Croydon (Woodstock Road) Leaders are pleased to bring to the market a beautiful first floor two bedroom apartment which is SUPERBLY SITUATED within walking distance of East Croydon Station and Tram links as well as local wine bars and restaurants.","Woodstock Road, Croydon","GB","51.36957","-0.09577","Apartment","1550","monthly","GBP","£1,550 pcm","Not Available",5847,"Croydon","Leaders Lettings, Croydon","020 3840 3437","2025-07-07T14:38:53Z","2025-07-07T14:44:05Z","new","No","No","https://www.rightmove.co.uk/properties/164253905#/?channel=RES_LET","https://media.rightmove.co.uk:443/dir/crop/10:9-16:9/6k/5847/164253905/5847_P100850_IMG_02_0000_max_476x317.jpeg","https://media.rightmove.co.uk:443/dir/crop/10:9-16:9/6k/5847/164253905/5847_P100850_IMG_00_0000_max_476x317.jpeg","https://media.rightmove.co.uk:443/dir/crop/10:9-16:9/6k/5847/164253905/5847_P100850_IMG_01_0000_max_476x317.jpeg","https://media.rightmove.co.uk:443/dir/crop/10:9-16:9/6k/5847/164253905/5847_P100850_IMG_03_0000_max_476x317.jpeg","https://media.rightmove.co.uk:443/dir/crop/10:9-16:9/6k/5847/164253905/5847_P100850_IMG_04_0000_max_476x317.jpeg"
164253404,"2","2","4","0","0","Croydon (Woodstock Rd) Leaders Croydon are delighted to bring to the market this fantastic modern apartment that offers many benefits of contemporary living situated within close proximity to South and East Croydon station and the amenities of Croydon town centre. Comprising of open plan kitchen ...","Woodstock Road, Croydon","GB","51.36957","-0.09577","Flat","1650","monthly","GBP","£1,650 pcm","Not Available",5847,"Croydon","Leaders Lettings, Croydon","020 3840 3437","2025-07-07T14:31:38Z","2025-07-07T14:29:07Z","new","No","No","https://www.rightmove.co.uk/properties/164253404#/?channel=RES_LET","https://media.rightmove.co.uk:443/dir/crop/10:9-16:9/6k/5847/164253404/5847_P100853_IMG_00_0000_max_476x317.jpeg","https://media.rightmove.co.uk:443/dir/crop/10:9-16:9/6k/5847/164253404/5847_P100853_IMG_01_0000_max_476x317.jpeg","https://media.rightmove.co.uk:443/dir/crop/10:9-16:9/6k/5847/164253404/5847_P100853_IMG_02_0000_max_476x317.jpeg","https://media.rightmove.co.uk:443/dir/crop/10:9-16:9/6k/5847/164253404/5847_P100853_IMG_03_0000_max_476x317.jpeg","Not Available"
164250254,"0","1","25","1","0","*6 Weeks Rent Free * Cinema - Gym - WFH space - Spa! - Roof terrace - 24hr Maintenance team & concierge - Games room - Cafe & more! Book your viewing today!","Enclave Croydon, CR0","GB","51.374051","-0.093641","Flat","1354","monthly","GBP","£1,354 pcm","Not Available",156986,"London","Home Made, London","01202 145329","2025-07-07T13:45:43Z","2025-07-07T13:51:05Z","new","No","Yes","https://www.rightmove.co.uk/properties/164250254#/?channel=RES_LET","https://media.rightmove.co.uk:443/dir/crop/10:9-16:9/157k/156986/164250254/156986_ENC91069_IMG_00_0000_max_476x317.jpeg","https://media.rightmove.co.uk:443/dir/crop/10:9-16:9/157k/156986/164250254/156986_ENC91069_IMG_01_0000_max_476x317.jpeg","https://media.rightmove.co.uk:443/dir/crop/10:9-16:9/157k/156986/164250254/156986_ENC91069_IMG_02_0000_max_476x317.jpeg","https://media.rightmove.co.uk:443/dir/crop/10:9-16:9/157k/156986/164250254/156986_ENC91069_IMG_03_0000_max_476x317.jpeg","https://media.rightmove.co.uk:443/dir/crop/10:9-16:9/157k/156986/164250254/156986_ENC91069_IMG_04_0000_max_476x317.jpeg"
164250092,"3","1","14","2","0","ZERO DEPOSIT AVAILABLE. LONG LET. Boasting ample living space filled with natural light, this fantastic 3 bedroom flat offers bright and spacious reception room, smart kitchen, well sized bedrooms and excellent transport links.","Brighton Road, South Croydon, CR2","GB","51.350436","-0.100121","Flat","2100","monthly","GBP","£2,100 pcm","Not Available",130309,"Croydon","Foxtons, Croydon","020 3834 8630","2025-07-07T13:43:37Z","2025-07-07T13:49:02Z","new","No","No","https://www.rightmove.co.uk/properties/164250092#/?channel=RES_LET","https://media.rightmove.co.uk:443/dir/crop/10:9-16:9/131k/130309/164250092/130309_1333626_IMG_00_0000_max_476x317.jpeg","https://media.rightmove.co.uk:443/dir/crop/10:9-16:9/131k/130309/164250092/130309_1333626_IMG_01_0000_max_476x317.jpeg","https://media.rightmove.co.uk:443/dir/crop/10:9-16:9/131k/130309/164250092/130309_1333626_IMG_02_0000_max_476x317.jpeg","https://media.rightmove.co.uk:443/dir/crop/10:9-16:9/131k/130309/164250092/130309_1333626_IMG_03_0000_max_476x317.jpeg","https://media.rightmove.co.uk:443/dir/crop/10:9-16:9/131k/130309/164250092/130309_1333626_IMG_04_0000_max_476x317.jpeg"
164250077,"1","1","33","1","0","*6 Weeks Rent Free * Cinema - Gym - WFH space - Spa! - Roof terrace - 24hr Maintenance team & concierge - Games room - Cafe & more! Book your viewing today!","Enclave Croydon, CR0","GB","51.374084","-0.093695","Flat","1588","monthly","GBP","£1,588 pcm","Not Available",156986,"London","Home Made, London","01202 145329","2025-07-07T13:43:24Z","2025-07-07T13:49:02Z","new","No","Yes","https://www.rightmove.co.uk/properties/164250077#/?channel=RES_LET","https://media.rightmove.co.uk:443/dir/crop/10:9-16:9/157k/156986/164250077/156986_ENZ20059_IMG_00_0000_max_476x317.jpeg","https://media.rightmove.co.uk:443/dir/crop/10:9-16:9/157k/156986/164250077/156986_ENZ20059_IMG_01_0000_max_476x317.jpeg","https://media.rightmove.co.uk:443/dir/crop/10:9-16:9/157k/156986/164250077/156986_ENZ20059_IMG_02_0000_max_476x317.jpeg","https://media.rightmove.co.uk:443/dir/crop/10:9-16:9/157k/156986/164250077/156986_ENZ20059_IMG_03_0000_max_476x317.jpeg","https://media.rightmove.co.uk:443/dir/crop/10:9-16:9/157k/156986/164250077/156986_ENZ20059_IMG_04_0000_max_476x317.jpeg"
164250062,"1","1","11","0","1","BRAND NEW *****REFURBISHED*****Croydon (The Waldrons) A purpose built raised ground floor flat in the popular Waldrons area. The property offers spacious accommodation with a separate sleeping area. Kitchen with washing machine, fridge freezer, electric oven and hob. White bathroom with overhead...","Maple Court, Croydon","GB","51.36629","-0.10467","Apartment","1200","monthly","GBP","£1,200 pcm","Not Available",5847,"Croydon","Leaders Lettings, Croydon","020 3840 3437","2025-07-07T13:43:05Z","2025-07-07T13:49:02Z","new","No","No","https://www.rightmove.co.uk/properties/164250062#/?channel=RES_LET","https://media.rightmove.co.uk:443/dir/crop/10:9-16:9/6k/5847/164250062/5847_P99714_IMG_00_0000_max_476x317.jpeg","https://media.rightmove.co.uk:443/dir/crop/10:9-16:9/6k/5847/164250062/5847_P99714_IMG_01_0000_max_476x317.jpeg","https://media.rightmove.co.uk:443/dir/crop/10:9-16:9/6k/5847/164250062/5847_P99714_IMG_02_0000_max_476x317.jpeg","https://media.rightmove.co.uk:443/dir/crop/10:9-16:9/6k/5847/164250062/5847_P99714_IMG_03_0000_max_476x317.jpeg","https://media.rightmove.co.uk:443/dir/crop/10:9-16:9/6k/5847/164250062/5847_P99714_IMG_04_0000_max_476x317.jpeg"
164249978,"1","1","34","1","0","*6 Weeks Rent Free * Cinema - Gym - WFH space - Spa! - Roof terrace - 24hr Maintenance team & concierge - Games room - Cafe & more! Book your viewing today!","Enclave Croydon, CR0","GB","51.374077","-0.093652","Flat","1405","monthly","GBP","£1,405 pcm","Not Available",156986,"London","Home Made, London","01202 145329","2025-07-07T13:42:11Z","2025-07-07T13:48:02Z","new","No","Yes","https://www.rightmove.co.uk/properties/164249978#/?channel=RES_LET","https://media.rightmove.co.uk:443/dir/crop/10:9-16:9/157k/156986/164249978/156986_ENG10069_IMG_00_0000_max_476x317.jpeg","https://media.rightmove.co.uk:443/dir/crop/10:9-16:9/157k/156986/164249978/156986_ENG10069_IMG_01_0000_max_476x317.jpeg","https://media.rightmove.co.uk:443/dir/crop/10:9-16:9/157k/156986/164249978/156986_ENG10069_IMG_02_0000_max_476x317.jpeg","https://media.rightmove.co.uk:443/dir/crop/10:9-16:9/157k/156986/164249978/156986_ENG10069_IMG_03_0000_max_476x317.jpeg","https://media.rightmove.co.uk:443/dir/crop/10:9-16:9/157k/156986/164249978/156986_ENG10069_IMG_04_0000_max_476x317.jpeg"
164249717,"0","1","32","1","0","*6 Weeks Rent Free * Cinema - Gym - WFH space - Spa! - Roof terrace - 24hr Maintenance team & concierge - Games room - Cafe & more! Book your viewing today!","Enclave Croydon, CR0","GB","51.374077","-0.093684","Flat","1700","monthly","GBP","£1,700 pcm","Not Available",156986,"London","Home Made, London","01202 145329","2025-07-07T13:38:50Z","2025-07-07T13:44:04Z","new","No","Yes","https://www.rightmove.co.uk/properties/164249717#/?channel=RES_LET","https://media.rightmove.co.uk:443/dir/crop/10:9-16:9/157k/156986/164249717/156986_ENK10055_IMG_00_0000_max_476x317.jpeg","https://media.rightmove.co.uk:443/dir/crop/10:9-16:9/157k/156986/164249717/156986_ENK10055_IMG_01_0000_max_476x317.jpeg","https://media.rightmove.co.uk:443/dir/crop/10:9-16:9/157k/156986/164249717/156986_ENK10055_IMG_02_0000_max_476x317.jpeg","https://media.rightmove.co.uk:443/dir/crop/10:9-16:9/157k/156986/164249717/156986_ENK10055_IMG_03_0000_max_476x317.jpeg","https://media.rightmove.co.uk:443/dir/crop/10:9-16:9/157k/156986/164249717/156986_ENK10055_IMG_04_0000_max_476x317.jpeg"
164249081,"3","1","41","0","0","We are proud to offer this delightful 3 bedroom, 1 bathroom terraced house in a great location. Available to move in from 17 July 2025, this property benefits from garden access. Property is offe... ** Property Reference: 2541788 **","Gloucester Road, Croydon, CR0","GB","51.387833","-0.089692","Terraced","2500","monthly","GBP","£2,500 pcm","Not Available",96668,"London","OpenRent, London","020 3322 3265","2025-07-07T13:31:27Z","2025-07-07T13:37:04Z","new","No","No","https://www.rightmove.co.uk/properties/164249081#/?channel=RES_LET","https://media.rightmove.co.uk:443/dir/crop/10:9-16:9/97k/96668/164249081/96668_254178804072025_IMG_00_0000_max_476x317.jpeg","https://media.rightmove.co.uk:443/dir/crop/10:9-16:9/97k/96668/164249081/96668_254178804072025_IMG_01_0000_max_476x317.jpeg","https://media.rightmove.co.uk:443/dir/crop/10:9-16:9/97k/96668/164249081/96668_254178804072025_IMG_02_0000_max_476x317.jpeg","https://media.rightmove.co.uk:443/dir/crop/10:9-16:9/97k/96668/164249081/96668_254178804072025_IMG_03_0000_max_476x317.jpeg","https://media.rightmove.co.uk:443/dir/crop/10:9-16:9/97k/96668/164249081/96668_254178804072025_IMG_04_0000_max_476x317.jpeg"
164248232,"1","1","10","0","0","Newly Refurbished Good Size One bedroom Terraced House Available near Waddon Station in Croydon Area. Comes with a Spacious Lounge Leading to a Fully Fitted Kitchen. Upstairs One Good size Double Bedroom Bath/Toilet Allocated Parking Space.","Fernleigh Close, Croydon, CR0","GB","51.366028","-0.11774","Terraced","1495","monthly","GBP","£1,495 pcm","Not Available",221711,"London","Hello Neighbour, London","020 3909 7829","2025-07-07T13:18:51Z","2025-07-07T13:24:04Z","new","No","No","https://www.rightmove.co.uk/properties/164248232#/?channel=RES_LET","https://media.rightmove.co.uk:443/dir/crop/10:9-16:9/222k/221711/164248232/221711_3661_EAF_191057_IMG_00_0000_max_476x317.jpeg","https://media.rightmove.co.uk:443/dir/crop/10:9-16:9/222k/221711/164248232/221711_3661_EAF_191057_IMG_01_0000_max_476x317.jpeg","https://media.rightmove.co.uk:443/dir/crop/10:9-16:9/222k/221711/164248232/221711_3661_EAF_191057_IMG_02_0000_max_476x317.jpeg","https://media.rightmove.co.uk:443/dir/crop/10:9-16:9/222k/221711/164248232/221711_3661_EAF_191057_IMG_03_0000_max_476x317.jpeg","https://media.rightmove.co.uk:443/dir/crop/10:9-16:9/222k/221711/164248232/221711_3661_EAF_191057_IMG_04_0000_max_476x317.jpeg"
164247944,"1","1","6","1","0","Fully modernized, open plan Designed 1 bedroom & bathroom Apartment, available in the heart of Croydon. Walking distance from both East and West Croydon Train station and Croydon Shopping Centre. Enquire now while still available.","Delta Point, Wellesley Road, Croydon, CR0 2NY","GB","51.378972","-0.100466","Apartment","1350","monthly","GBP","£1,350 pcm","Not Available",238433,"Criterion Hospitality Limited","Criterion Hospitality Limited, Criterion Hospitality Limited","020 3840 3484","2025-07-07T13:14:02Z","2025-07-07T13:20:02Z","new","No","Yes","https://www.rightmove.co.uk/properties/164247944#/?channel=RES_LET","https://media.rightmove.co.uk:443/dir/crop/10:9-16:9/239k/238433/164247944/238433_WTV-DP0240707_IMG_00_0000_max_476x317.jpeg","https://media.rightmove.co.uk:443/dir/crop/10:9-16:9/239k/238433/164247944/238433_WTV-DP0240707_IMG_01_0000_max_476x317.jpeg","https://media.rightmove.co.uk:443/dir/crop/10:9-16:9/239k/238433/164247944/238433_WTV-DP0240707_IMG_02_0000_max_476x317.jpeg","https://media.rightmove.co.uk:443/dir/crop/10:9-16:9/239k/238433/164247944/238433_WTV-DP0240707_IMG_03_0000_max_476x317.jpeg","https://media.rightmove.co.uk:443/dir/crop/10:9-16:9/239k/238433/164247944/238433_WTV-DP0240707_IMG_04_0000_max_476x317.jpeg"
164247881,"2","2","7","1","0","Fully modernized, open plan Designed 2 bedroom & 2 bathroom Apartment, available in the heart of Croydon. Walking distance from both East and West Croydon Train station and Croydon Shopping Centre. Enquire now while still available.","Delta Point, Wellesley Road, Croydon, CR0 2NY","GB","51.378972","-0.100466","Apartment","1700","monthly","GBP","£1,700 pcm","Not Available",238433,"Criterion Hospitality Limited","Criterion Hospitality Limited, Criterion Hospitality Limited","020 3840 3484","2025-07-07T13:13:04Z","2025-07-07T13:19:02Z","new","No","Yes","https://www.rightmove.co.uk/properties/164247881#/?channel=RES_LET","https://media.rightmove.co.uk:443/dir/crop/10:9-16:9/239k/238433/164247881/238433_WTV-DP2270707_IMG_00_0000_max_476x317.jpeg","https://media.rightmove.co.uk:443/dir/crop/10:9-16:9/239k/238433/164247881/238433_WTV-DP2270707_IMG_01_0000_max_476x317.jpeg","https://media.rightmove.co.uk:443/dir/crop/10:9-16:9/239k/238433/164247881/238433_WTV-DP2270707_IMG_02_0000_max_476x317.jpeg","https://media.rightmove.co.uk:443/dir/crop/10:9-16:9/239k/238433/164247881/238433_WTV-DP2270707_IMG_03_0000_max_476x317.jpeg","https://media.rightmove.co.uk:443/dir/crop/10:9-16:9/239k/238433/164247881/238433_WTV-DP2270707_IMG_04_0000_max_476x317.jpeg"
164247791,"1","1","6","1","0","Fully modernized, open plan Designed 1 bedroom & bathroom Apartment, available in the heart of Croydon. Walking distance from both East and West Croydon Train station and Croydon Shopping Centre. Enquire now while still available.","Delta Point, Wellesley Road, Croydon, CR0 2NY","GB","51.378972","-0.100466","Apartment","1350","monthly","GBP","£1,350 pcm","Not Available",238433,"Criterion Hospitality Limited","Criterion Hospitality Limited, Criterion Hospitality Limited","020 3840 3484","2025-07-07T13:12:03Z","2025-07-07T13:18:02Z","new","No","Yes","https://www.rightmove.co.uk/properties/164247791#/?channel=RES_LET","https://media.rightmove.co.uk:443/dir/crop/10:9-16:9/239k/238433/164247791/238433_WTV-DP1840707_IMG_00_0000_max_476x317.jpeg","https://media.rightmove.co.uk:443/dir/crop/10:9-16:9/239k/238433/164247791/238433_WTV-DP1840707_IMG_01_0000_max_476x317.jpeg","https://media.rightmove.co.uk:443/dir/crop/10:9-16:9/239k/238433/164247791/238433_WTV-DP1840707_IMG_02_0000_max_476x317.jpeg","https://media.rightmove.co.uk:443/dir/crop/10:9-16:9/239k/238433/164247791/238433_WTV-DP1840707_IMG_03_0000_max_476x317.jpeg","https://media.rightmove.co.uk:443/dir/crop/10:9-16:9/239k/238433/164247791/238433_WTV-DP1840707_IMG_04_0000_max_476x317.jpeg"
164240687,"1","2","6","0","0","1 Large & Bright Double Room Available. Experience quite possibly the most stylish and comfortable co-living space in Thornton Heath. Set over three floors of a renovated Victorian house, we... ** Property Reference: 2543898 **","Kynaston Road, Thornton Heath, CR7","GB","51.39445","-0.098167","House Share","830","monthly","GBP","£830 pcm","Not Available",96668,"London","OpenRent, London","020 3322 3265","2025-07-07T11:39:58Z","2025-07-07T11:45:06Z","new","No","No","https://www.rightmove.co.uk/properties/164240687#/?channel=RES_LET","https://media.rightmove.co.uk:443/dir/crop/10:9-16:9/97k/96668/164240687/96668_254389807072025_IMG_00_0000_max_476x317.jpeg","https://media.rightmove.co.uk:443/dir/crop/10:9-16:9/97k/96668/164240687/96668_254389807072025_IMG_01_0000_max_476x317.jpeg","https://media.rightmove.co.uk:443/dir/crop/10:9-16:9/97k/96668/164240687/96668_254389807072025_IMG_02_0000_max_476x317.jpeg","https://media.rightmove.co.uk:443/dir/crop/10:9-16:9/97k/96668/164240687/96668_254389807072025_IMG_03_0000_max_476x317.jpeg","https://media.rightmove.co.uk:443/dir/crop/10:9-16:9/97k/96668/164240687/96668_254389807072025_IMG_04_0000_max_476x317.jpeg"
162768086,"2","2","10","2","0","ZERO DEPOSIT AVAILABLE. LONG LET. Centrally located for Croydon, this fabulous 2 bedroom apartment, offers exquisite views from the 28th floor, spacious accommodation and great communal facilities.","Pinnacle Apartments, East Croydon, Surrey, CR0","GB","51.378918","-0.099332","Flat","1850","monthly","GBP","£1,850 pcm","Not Available",130309,"Croydon","Foxtons, Croydon","020 3834 8630","2025-06-03T09:49:05Z","2025-07-07T11:41:09Z","price_reduced","No","No","https://www.rightmove.co.uk/properties/162768086#/?channel=RES_LET","https://media.rightmove.co.uk:443/dir/crop/10:9-16:9/131k/130309/162768086/130309_1328743_IMG_02_0006_max_476x317.jpeg","https://media.rightmove.co.uk:443/dir/crop/10:9-16:9/131k/130309/162768086/130309_1328743_IMG_00_0000_max_476x317.jpeg","https://media.rightmove.co.uk:443/dir/crop/10:9-16:9/131k/130309/162768086/130309_1328743_IMG_01_0002_max_476x317.jpeg","https://media.rightmove.co.uk:443/dir/crop/10:9-16:9/131k/130309/162768086/130309_1328743_IMG_03_0006_max_476x317.jpeg","https://media.rightmove.co.uk:443/dir/crop/10:9-16:9/131k/130309/162768086/130309_1328743_IMG_04_0006_max_476x317.jpeg"
164239613,"2","1","8","0","0","This well-presented two-bedroom property on Portland Road, SE25, offers a comfortable and modern living space. Featuring two spacious double bedrooms, a stylish bathroom, and a fully equipped kitchen. The property also benefits from a private outside garden with side access.","Portland Road, London, SE25","GB","51.390753","-0.065627","Apartment","1500","monthly","GBP","£1,500 pcm","Not Available",181634,"South Norwood","Streets Ahead, South Norwood","020 3907 9942","2025-07-07T11:26:14Z","2025-07-07T11:32:03Z","new","No","No","https://www.rightmove.co.uk/properties/164239613#/?channel=RES_LET","https://media.rightmove.co.uk:443/dir/crop/10:9-16:9/182k/181634/164239613/181634_CRP220451_L_IMG_00_0000_max_476x317.jpeg","https://media.rightmove.co.uk:443/dir/crop/10:9-16:9/182k/181634/164239613/181634_CRP220451_L_IMG_01_0000_max_476x317.jpeg","https://media.rightmove.co.uk:443/dir/crop/10:9-16:9/182k/181634/164239613/181634_CRP220451_L_IMG_02_0000_max_476x317.jpeg","https://media.rightmove.co.uk:443/dir/crop/10:9-16:9/182k/181634/164239613/181634_CRP220451_L_IMG_03_0000_max_476x317.jpeg","https://media.rightmove.co.uk:443/dir/crop/10:9-16:9/182k/181634/164239613/181634_CRP220451_L_IMG_04_0000_max_476x317.jpeg"
164238206,"3","2","23","1","0","SHORT LET OPTIONS AVAILABLE | 1 minute from the East Croydon station | London Bridge in 14 minutes | Gatwick in 16 minutes | Pet friendly | Gym | Co-working | Restaurants on your doorstep | Community Events | 3 bedrooms | 1minute from the East Croydon station | London Bridge in 14 minutes |...","Ten Degrees, Croydon","GB","51.374297","-0.094225","Flat","3155","monthly","GBP","£3,155 pcm","Not Available",222854,"Ten Degrees, Croydon","Greystar, Ten Degrees, Croydon","020 3905 1755","2025-07-07T11:06:14Z","2025-07-07T11:12:06Z","new","No","Yes","https://www.rightmove.co.uk/properties/164238206#/?channel=RES_LET","https://media.rightmove.co.uk:443/dir/crop/10:9-16:9/223k/222854/164238206/222854_1802A-07-07-6-AM_IMG_01_0000_max_476x317.png","https://media.rightmove.co.uk:443/dir/crop/10:9-16:9/223k/222854/164238206/222854_1802A-07-07-6-AM_IMG_02_0000_max_476x317.jpeg","https://media.rightmove.co.uk:443/dir/crop/10:9-16:9/223k/222854/164238206/222854_1802A-07-07-6-AM_IMG_05_0000_max_476x317.jpeg","https://media.rightmove.co.uk:443/dir/crop/10:9-16:9/223k/222854/164238206/222854_1802A-07-07-6-AM_IMG_06_0000_max_476x317.jpeg","https://media.rightmove.co.uk:443/dir/crop/10:9-16:9/223k/222854/164238206/222854_1802A-07-07-6-AM_IMG_07_0000_max_476x317.jpeg"